metric,name,n,pct_aff_conv,pct_aff_typ,med_dCONV,mean_dCONV,relpct_CONV,relpct_CONV_mean,med_dTYP,mean_dTYP,relpct_TYP,relpct_TYP_mean
HAI_mean_abs_alt,hydrologic alteration (HAI),2161,61.221656640444245,57.47339194817215,0.011037868506735438,0.012225360837284115,10.721322951584174,23.358543551999496,0.0019111336657701289,0.00734889943599778,3.549086826995365,9.282064241170835
RR_down_p95_pctmean,down-ramp severity (% mean),2161,61.221656640444245,57.47339194817215,1.6663675233257567,4.249209487007161,51.943421883843435,2944.973940615564,-0.04380938138100188,-0.8241014513735115,3.2676764975059225,13.27554459270543
VRR_exceed_h_13cmh,lethal drawdown (h/yr >13cm/h),2161,23.229986117538175,22.35076353540028,4.75,35.20176437108708,150.00000000000006,8146.115903577554,0.07142857142857117,-3.5477669328601014,22.776400862068968,84.60440923223297
reversals_per_year_hourly,flow reversals (per yr),2161,61.175381767700145,57.42711707542804,633.4642857142858,797.6944024205749,43.10814727191596,336.3805811194773,22.857142857143117,74.53390123172557,5.926681843158793,11.430460282868392
