metric,name,n,pct_aff_conv,pct_aff_typ,med_dCONV,mean_dCONV,relpct_CONV,relpct_CONV_mean,med_dTYP,mean_dTYP,relpct_TYP,relpct_TYP_mean
HAI_mean_abs_alt,hydrologic alteration (HAI),2161,61.221656640444245,57.47339194817215,0.011523059995237811,0.012717280511972767,10.511033917847795,22.761210055830507,0.0015900629442745784,0.007181236233913774,3.3881809731002472,9.181390815188111
RR_down_p95_pctmean,down-ramp severity (% mean),2161,61.221656640444245,57.47339194817215,1.6663675233257567,4.249209487007161,51.943421883843435,2944.973940615564,-0.04380938138100188,-0.8241014513735115,3.2676764975059225,13.27554459270543
VRR_exceed_h_13cmh,lethal drawdown (h/yr >13cm/h),2161,23.229986117538175,22.35076353540028,4.75,35.20176437108708,150.00000000000006,8146.115903577554,0.07142857142857117,-3.5477669328601014,22.776400862068968,84.60440923223297
reversals_per_year_hourly,flow reversals (per yr),2161,60.11105969458585,56.08514576584914,161.85714285714286,294.06318046849225,238.63504496663762,13536.784741343214,-0.6428571428571175,-57.67191183404055,7.0785366677749275,20.333963234575318
