scenario,scenario_name,region,demand_mw,met_isolated_mw,met_interconnected_mw,cov_isolated_pct,cov_interconnected_pct
A,independent_no_ps,argentina,177.647375,177.647375,177.647375,100.0,99.99999999999996
A,independent_no_ps,brazil_nordeste,36.98596875,36.98596875,36.98596875,100.0,100.0
A,independent_no_ps,brazil_sudeste,1070.231375,1070.231375,1070.2313749999996,100.0,99.99999999999994
A,independent_no_ps,brazil_sul,48.36662109375,48.36662109375,48.36662109375,100.0,100.0
A,independent_no_ps,chile,389.053875,389.053875,389.053875,100.0,100.0
A,independent_no_ps,colombia,114.0578046875,114.0578046875,114.0578046875,100.0,100.00000000000004
A,independent_no_ps,ecuador,2.47825927734375,2.47825927734375,2.47825927734375,100.0,100.0
A,independent_no_ps,peru,23.42268359375,23.42268359375,23.42268359375,100.0,100.0
B,matched_with_ps,argentina,177.647375,177.647375,177.647375,100.0,99.99999999999996
B,matched_with_ps,brazil_nordeste,36.98596875,36.98596875,36.98596875,100.0,100.0
B,matched_with_ps,brazil_sudeste,1070.231375,1070.231375,1070.2313749999996,100.0,99.99999999999994
B,matched_with_ps,brazil_sul,48.36662109375,48.36662109375,48.36662109375,100.0,100.0
B,matched_with_ps,chile,389.053875,389.053875,389.053875,100.0,100.0
B,matched_with_ps,colombia,114.0578046875,114.0578046875,114.0578046875,100.0,100.00000000000004
B,matched_with_ps,ecuador,2.47825927734375,2.47825927734375,2.47825927734375,100.0,100.0
B,matched_with_ps,peru,23.42268359375,23.42268359375,23.42268359375,100.0,100.0
