scenario,scenario_name,region,demand_mw,met_isolated_mw,met_interconnected_mw,cov_isolated_pct,cov_interconnected_pct
A,independent_no_ps,india_east,44.963484375,44.963484375,44.96348437499999,100.0,99.99999999999996
A,independent_no_ps,india_north,761.78425,761.78425,761.7842499999999,100.0,99.99999999999996
A,independent_no_ps,india_south,1958.9715,1958.9715,1958.9714999999997,100.0,100.0
A,independent_no_ps,india_west,2454.43875,837.4819462694536,2454.43875,34.12111816884629,100.0
B,matched_with_ps,india_east,44.963484375,44.963484375,44.96348437499999,100.0,99.99999999999996
B,matched_with_ps,india_north,761.78425,761.78425,761.7842499999999,100.0,99.99999999999996
B,matched_with_ps,india_south,1958.9715,1958.9715,1958.9714999999997,100.0,100.0
B,matched_with_ps,india_west,2454.43875,839.9460190189418,2454.43875,34.221510682185155,100.0
