metric,n,n_typ,pctC,medC,relC,pctT,medT,relT
VRR_exceed_h_13cmh,2125,2125,23.81176470588235,5.714285714285714,208.7557603686636,23.482352941176472,-0.0714285714285714,17.567567567567576
VRR_exceed_h_10cmh,2125,2125,30.49411764705882,5.214285714285714,200.0,28.376470588235293,-0.0714285714285714,15.74074074074074
VRR_p95_cmh,2125,2125,61.411764705882355,0.3921884796066659,72.91776421170081,57.976470588235294,-0.05666142580982625,7.27786720159167
RR_down_mean,2125,2125,61.411764705882355,0.4395365877896742,64.28272042949523,57.83529411764706,-0.06619206893394536,6.226923492806419
RR_down_p95,2125,2125,61.411764705882355,1.4870838821817731,60.0761020466806,57.788235294117655,-0.021989852612754823,3.2645502655812355
RR_down_p95_pctmean,2125,2125,61.411764705882355,1.858972147467962,59.805588759912624,57.83529411764706,-0.02553659439094158,3.30651180464152
RR_up_p95,2125,2125,61.411764705882355,1.7012881892188036,58.62575114851209,57.83529411764706,-0.0007715503140808266,3.826843604986966
reversals_per_year_hourly,2125,2125,61.36470588235294,652.9285714285714,45.328811809427826,57.83529411764706,23.28571428571422,6.115133446905182
HP1,2125,2125,61.411764705882355,0.029025580843607006,33.45101003345204,57.50588235294117,-0.01457331096225975,11.93542696041846
varial_area_m2,2125,2125,61.411764705882355,9042.972315617877,19.975825689401514,57.976470588235294,-3905.8021440135235,7.890651095186064
varial_width_m,2125,2125,61.411764705882355,0.8382035182702916,19.975825689401503,57.83529411764706,-0.3762813877698239,7.88360778032181
Ecodeficit,2125,2125,44.32941176470588,0.0012048121361993998,19.87813750045648,41.741176470588236,5.8951879718400027e-05,5.072654477560802
HAI_group,2125,2125,61.411764705882355,0.010048295924148243,12.538499621214594,57.788235294117655,0.0016490179096796398,5.607089570007308
HAI_mean_abs_alt,2125,2125,61.411764705882355,0.009017554100862468,9.81764454690624,57.788235294117655,0.0015058939309657848,3.2172356973639182
Ecosurplus,2125,2125,61.27058823529412,4.209100867946791e-05,7.790766654898257,57.788235294117655,3.0425270896748495e-05,1.878916764408531
Q1.67,2125,2125,61.36470588235294,1.3826344229662908,1.5984252979795117,45.88235294117647,-2.1444149922444922e-07,0.21600073463076352
IHA,2125,2125,61.411764705882355,0.7985113182289609,1.5857763622470065,57.788235294117655,0.13996523054782983,0.771178887717556
