metric,n,n_typ,pctC,medC,relC,pctT,medT,relT
Qeff,2125,2125,61.411764705882355,0.3637598936901725,5.328325817448823,56.37647058823529,0.3206906916129757,3.1105392630340614
Qstar_annualmax,2125,2125,61.411764705882355,5.237589556549381,1.878653541114146,56.94117647058824,-1.3641618750170892e-05,0.34713082042622107
STCI,2125,2125,61.411764705882355,0.0031195784958031325,0.9429453388905181,57.83529411764706,-1.4549880642089619e-05,0.32687940535489135
Qstar_Q5pct,2125,2125,61.411764705882355,0.18732504978035536,0.8918504085821288,57.1764705882353,0.016448486967973963,0.28735165304565635
